"x","bc_med","bc_low_eq","bc_hi_eq","sc_med","sc_low_eq","sc_hi_eq"
0.00295947836019979,1.14301370956164,0.993936578406029,1.62451564276125,1.56229155529156,1.29287915479755,1.91402703414983
0.00887843508059937,1.23557720622425,0.996877316948295,1.86250875529305,1.5605267054597,1.29352124193826,1.91168319538369
0.014797391800999,1.30100743909606,0.9988560513489,2.01987537956583,1.55990064905133,1.29118958091612,1.90756500156776
0.0207163485213985,1.32400595608841,0.998783997332487,2.0412471446062,1.559813848835,1.29008463933042,1.90670898605645
0.0266353052417981,1.37850527558171,0.999432566253358,2.2746251765195,1.55905279248233,1.28898727508486,1.90739545752129
0.0325542619621977,1.41263910311327,0.999244374670133,2.42314622682111,1.55628693798814,1.28729099123342,1.90310865219295
0.0384732186825973,1.42129957091287,0.998914607586233,2.42843269868413,1.55297041270413,1.28559058992511,1.90275558145466
0.0443921754029969,1.41631667511399,0.997264895585376,2.38221448172749,1.55092693385809,1.28369787201668,1.8994834723471
0.0503111321233964,1.40243931267108,0.996490521337788,2.34356208244612,1.54618814287305,1.27861781333575,1.89369846318376
0.056230088843796,1.37276132995286,0.993027119043491,2.2872552546431,1.54366415136571,1.27652621473632,1.89233803917125
0.0621490455641956,1.34184856914817,0.986573052626869,2.2178560196555,1.54224898020768,1.27656279060104,1.89000610286486
0.0680680022845952,1.28867291127964,0.968286142351597,2.06243467686541,1.53885855041981,1.26832128729071,1.88799139508727
0.0739869590049947,1.24785155270864,0.941619817481758,1.99941536142132,1.53695920264005,1.26651371116203,1.88806072785565
0.0799059157253943,1.22951095721423,0.927945672923842,1.99642520909398,1.53690286103974,1.26485324845242,1.88834017602485
0.0858248724457939,1.20881488605659,0.897207940530344,1.96213577131804,1.53244651158955,1.25701694287072,1.88352225432975
0.0917438291661935,1.1810240811338,0.843326063836733,1.9094574122947,1.53220599753894,1.2563620202076,1.88404190120286
0.0976627858865931,1.16547355063474,0.82596255538788,1.92532423163643,1.53068802518135,1.25686096159951,1.8835036330966
0.103581742606993,1.14373149520108,0.789540430792345,1.91748083602863,1.52860723303023,1.25369780841761,1.88330950504186
0.109500699327392,1.1385288035732,0.766737832533136,1.96189660342893,1.52771537147519,1.25185035784829,1.88443944162714
0.115419656047792,1.12945473152528,0.747967571654438,1.98127337021563,1.52556194444959,1.24920940977532,1.88368217273162
0.121338612768191,1.12192995219529,0.730415430474952,2.00150994616185,1.52310614496313,1.24543973205677,1.88239811382302
0.127257569488591,1.11677772657752,0.719875972942427,2.05212838081482,1.52239871812759,1.24480546084591,1.88145064968076
0.133176526208991,1.11838092791015,0.715237319801086,2.0948578338641,1.5214941928048,1.24133527052816,1.88321736493975
0.13909548292939,1.11456727984231,0.713034643344515,2.14651509512496,1.52024077868864,1.2399846189356,1.88506266064593
0.14501443964979,1.11840331738069,0.706485565036603,2.2011150283927,1.51868532498823,1.23717790446445,1.88241854346112
0.150933396370189,1.11417001683516,0.69125087452639,2.27093594994528,1.51849650175573,1.23392400665316,1.88701511669468
0.156852353090589,1.10146036386829,0.657875500535635,2.30635154096617,1.51709746057016,1.23188288273701,1.88297593819052
0.162771309810988,1.09163705413854,0.635152662747021,2.31391741378393,1.51548094902,1.22875170243307,1.88394003142428
0.168690266531388,1.07827648987377,0.611835087956363,2.28966090928536,1.51313910394377,1.2231732342948,1.88313937717477
0.174609223251788,1.06231199637374,0.565891663070949,2.27719936373937,1.51127025304622,1.2215997126782,1.88134756971353
0.180528179972187,1.05556952627771,0.544040726395736,2.29800531111914,1.51196884952395,1.22031598890979,1.88290241439983
0.186447136692587,1.05827388053576,0.545748475567913,2.36984507428663,1.51003832906764,1.21603814957113,1.88383399665345
0.192366093412986,1.0565728827907,0.532849476951591,2.41776821605936,1.50810965694819,1.21351893979277,1.88013994987969
0.198285050133386,1.05445285642689,0.524357458419146,2.49377716825543,1.50838184753774,1.21217543315476,1.88072231823618
0.204204006853785,1.05319606458867,0.510284771018096,2.57297222754634,1.50690426038823,1.20866098141119,1.88064747192023
0.210122963574185,1.04881893684121,0.483477051066215,2.56296758174749,1.50556792542817,1.20472992845611,1.87938143205223
0.216041920294585,1.05241487508182,0.486567887280864,2.73762248415456,1.50670820042071,1.20374577693135,1.88482881195945
0.221960877014984,1.05036719417792,0.469982263115192,2.75905585903184,1.50546884579493,1.20146625754165,1.88228815235102
0.227879833735384,1.05153402987179,0.463500868605777,2.85451455871353,1.5041423601234,1.19629434832288,1.88476506353952
0.233798790455783,1.05132724711006,0.458037241188753,2.92463725890393,1.50169696139259,1.19302310142167,1.88429140736458
0.239717747176183,1.0493635767977,0.443254384029569,3.01883247408808,1.50031168617097,1.18865529117175,1.88534313941516
0.245636703896583,1.04456471253657,0.431104688599436,3.10906434559565,1.50086189190685,1.18633120100115,1.88563045825312
0.251555660616982,1.04750533210615,0.42948067347242,3.18240957220544,1.50042260784676,1.18684563268369,1.88736278551179
0.257474617337382,1.04716924738931,0.417609310801106,3.22934326724476,1.50032981598458,1.18460774714613,1.88880830438744
0.263393574057781,1.04530930111371,0.4052491286635,3.27382577864049,1.49824627822369,1.18133961957965,1.88652640562109
0.269312530778181,1.04472566450191,0.398498262164653,3.39733477509541,1.49827340979065,1.18245594840135,1.89072184111302
0.27523148749858,1.04580859474255,0.398592226661941,3.50761769198592,1.49730359202761,1.17673309816093,1.89487993412181
0.28115044421898,1.0443404596243,0.389922693376742,3.61813165554867,1.49607107845767,1.17561984968376,1.89576924402793
0.28706940093938,1.04757070938994,0.387840394737421,3.77193764481741,1.49641813703283,1.17488192687241,1.89671148532931
0.292988357659779,1.04555601522655,0.370305677884315,3.81228590832428,1.49606059445065,1.174147999456,1.89370099020232
0.298907314380179,1.04447745317303,0.350284531549482,3.86991939371908,1.49553345302418,1.17136194347624,1.89084134399436
0.304826271100578,1.04285705562072,0.332837064254138,3.94327432780763,1.49538952860834,1.1715193469974,1.89499524013178
0.310745227820978,1.04883681622842,0.332537819097816,4.03210529962481,1.49353227287506,1.1721682625349,1.89290429335593
0.316664184541378,1.05309758252983,0.335794148136229,4.15604765483559,1.4933882772969,1.16735128548189,1.89680393963628
0.322583141261777,1.05742495774852,0.334568135064989,4.34416882910829,1.49122248791086,1.16781416591352,1.89424048154263
0.328502097982177,1.0565197037297,0.335386671830873,4.41433917832161,1.48899418478481,1.16288211315784,1.89904084271548
0.334421054702576,1.0612443166425,0.326581010357842,4.66781386382005,1.48687697265598,1.16036399354899,1.89916239229338
0.340340011422976,1.06462967821348,0.318315402500633,4.63565861604516,1.48626405421992,1.1599844321956,1.90178354030032
0.346258968143375,1.06698132952616,0.332212977262555,4.67678854611817,1.4859307892658,1.15459812673307,1.9053895916688
0.352177924863775,1.068379229188,0.319607519128344,4.82821789671786,1.48410616117638,1.14800113203891,1.91048702946511
0.358096881584175,1.06967163936646,0.319338632634006,4.89558484700994,1.48432221087077,1.14695852955853,1.91241051802384
0.364015838304574,1.06821101816928,0.313922271727468,4.89282420667725,1.48536178696739,1.14681363043766,1.91104032434239
0.369934795024974,1.06902783790222,0.30435074987146,5.10359950325876,1.48658108632276,1.14642650890647,1.91447848367406
0.375853751745373,1.0695843951824,0.295946456224679,5.18793694925265,1.48480948860383,1.14838504022622,1.91554101481436
0.381772708465773,1.07512433523368,0.298407822861246,5.39664402930655,1.48424039703892,1.14449560475185,1.91945568165242
0.387691665186172,1.07961071181393,0.298039034053749,5.5805888963211,1.48455164967416,1.14734788020503,1.92160305839296
0.393610621906572,1.08243579585154,0.299512781938085,5.81718289374447,1.48416933475286,1.14347853527956,1.92641706919926
0.399529578626972,1.08488824732374,0.301093441012428,6.01293991421598,1.48552928634577,1.14527089088406,1.92733281980534
0.405448535347371,1.0892564568915,0.302520638731213,6.12949284813264,1.486194823391,1.14564980108868,1.93121344693495
0.411367492067771,1.09264982919993,0.29978304021396,6.15356875774968,1.48792588616403,1.15085831640768,1.92743862701251
0.41728644878817,1.09180846339594,0.290009056576148,6.48377193012193,1.48732258319501,1.15328580742734,1.92862335016625
0.42320540550857,1.09147082776323,0.282645325895424,6.56113608039064,1.487020352851,1.14872651120121,1.93258572783216
0.42912436222897,1.09686369719599,0.281144909313484,6.88447057458161,1.48466343939135,1.14250776031089,1.93458535460663
0.435043318949369,1.09350495087786,0.274581887291054,6.9135272224627,1.48441739251355,1.14430201802331,1.93301971741454
0.440962275669769,1.09127615240215,0.259346119841723,6.924853491486,1.48360740613696,1.13968688538809,1.9354260545899
0.446881232390168,1.09052744473049,0.25935403846829,7.06589242534193,1.48226930375913,1.13868447620455,1.93641738580178
0.452800189110568,1.0876265272731,0.24761470176033,7.00867132455547,1.48358362885443,1.14264888347546,1.93341355001407
0.458719145830967,1.08496691746355,0.247520849312812,7.14102576534636,1.48399225564959,1.14238566699163,1.93751198317282
0.464638102551367,1.08429641176625,0.234904716430385,7.26028233237844,1.48448100190337,1.14293636027675,1.94103420136113
0.470557059271767,1.0880265552057,0.232011779806062,7.21817221021027,1.48235916231971,1.14149730578001,1.94525431955428
0.476476015992166,1.08893116136658,0.230704343197662,7.50468167239822,1.48377553144605,1.14214425265399,1.94616697095783
0.482394972712566,1.09292822215899,0.232685099027385,7.68524079169631,1.48187491609191,1.13826114711605,1.94773646905713
0.488313929432965,1.0959528566089,0.226781570732169,7.77033151242815,1.48012911578319,1.13347475727261,1.94782248538694
0.494232886153365,1.09796407270228,0.217250293551837,7.68031619275789,1.48056015761475,1.13256468571252,1.95444922855851
0.500151842873764,1.09738549156907,0.206367807641845,7.90147250409939,1.47886927010319,1.12694823515335,1.95409316294685
0.506070799594164,1.09621341280386,0.20764119499655,7.83420320743457,1.47829190143075,1.12753854087368,1.95803879967139
0.511989756314564,1.09888262658585,0.207649962089812,8.26116736519727,1.47788470873661,1.12652942942133,1.95947571251408
0.517908713034963,1.10044703876321,0.209923314842618,8.26459506168055,1.47759208404329,1.12495409301462,1.95730928920749
0.523827669755363,1.09759223312289,0.214542935540318,8.19196455475067,1.47996052520501,1.12508646822026,1.95907924824297
0.529746626475762,1.09774736899733,0.211601842193182,8.16825860222274,1.48060675848171,1.12409421517552,1.95467803021796
0.535665583196162,1.09569245024365,0.205845322549414,8.14258598157685,1.478999377741,1.12286187463398,1.95552404381391
0.541584539916562,1.09392625848758,0.195063165660494,8.33680681733489,1.47659928680744,1.120831194882,1.96077836430666
0.547503496636961,1.09252780481684,0.190319596221455,8.37456106571871,1.47820888370105,1.12207359894943,1.96119784617222
0.553422453357361,1.09287942821028,0.185265733118568,8.120297840986,1.47842761271096,1.12193448428262,1.96303618312758
0.55934141007776,1.09592945646972,0.178267786737077,8.19981563818194,1.47820024221889,1.1214939515985,1.96321383508624
0.56526036679816,1.08553731502355,0.167258230856375,8.2562972056972,1.47979587660665,1.12070963375963,1.97368241461328
0.571179323518559,1.08415666444474,0.165011676063356,8.0995956710555,1.47991493997603,1.12236726497837,1.97205736132996
0.577098280238959,1.08287047332538,0.16451276245979,8.02966414603047,1.48005463937351,1.12470878210463,1.97216705892693
0.583017236959359,1.0804222732554,0.16187497216522,8.06257623682457,1.48040207595881,1.12392647033601,1.96348463185646
