x,truth,sc_med,sc_low_eq,sc_hi_eq,sc_low_hpd,sc_hi_hpd
0.0055,24.32186706383635,20.4718786170972,8.96826018439572,43.9645368813258,7.61510518392243,38.542712260401
0.011,23.662128698837098,21.4459208290391,10.0698031569723,45.0745185213365,8.69940188468826,41.7959857846022
0.0165,23.020285946420113,23.9954680731958,13.3211818527403,55.8354448984895,11.7438613936069,51.2068222046628
0.022,22.395853382413204,23.2849498763356,12.403509350628,41.7041988798573,11.454265980341,39.6742204119468
0.0275,21.788358749928946,22.1729216432351,11.8815687130389,40.2817640573916,10.6433201412264,37.8849677359976
0.033,21.197342602197896,20.1203367645919,10.7541387664176,36.8892042156528,9.54573405363195,33.9699356162949
0.0385,20.622357955090084,17.0998997761176,10.3762361167939,31.0809190141109,9.301969738676,29.0071468062091
0.044,20.062969949061962,16.3246708947928,10.232612083688,29.4828770133392,9.41516156840786,27.5647302352974
0.0495,19.518755520273142,17.1330356772427,10.7067158490502,28.7388379857737,9.88345726377955,27.1047365992908
0.055,18.98930308062421,16.6488870626014,6.83403475991045,31.9242357055359,5.75459865146314,29.8314410345729
0.0605,18.474212206473606,15.6118392031425,9.53073964857158,28.91627329305,8.83045829088713,27.1963027750896
0.066,17.973093335798154,14.9377612319925,9.30601767635254,23.5909812238492,8.86674324757676,22.8482882213203
0.0715,17.485567473568228,9.83473858867588,5.87475381910703,16.8240072102449,5.34276160277189,15.8734556910819
0.077,17.01126590511469,10.1273084103157,6.17315795185554,18.2995317463143,5.68269048040437,17.0643054384615
0.0825,16.54982991727085,9.34377236271289,5.32785801174294,18.0627434825032,4.91701382691517,17.0805124414064
0.088,16.100910527078536,13.2257496733828,6.77200434858652,23.9289792201847,6.12617056941807,22.9283225749362
0.0935,15.664168217853094,12.5722336690405,6.81262069466104,25.5896121736974,5.68917540326749,23.8486972929192
0.099,15.239272682407732,12.5415887873782,7.69329806663078,24.2366245890542,6.75547932784342,22.4948447702415
0.1045,14.825902573242947,13.6113091900111,8.29778939323175,22.5722530072774,7.65537933217036,21.6689466172563
0.11,14.423745259512167,15.3037265741873,8.87463648231332,26.9303107915455,7.79012608015851,24.4622378106865
0.1155,14.032496590579788,19.3830193111479,9.5498576310485,32.1506624316734,8.64283301311929,30.7876039574132
0.121,13.651860665992736,18.4597950024974,9.82300709642333,31.6810127287286,8.77065824347812,29.8303295466492
0.1265,13.281549611691668,20.0151120367328,11.6578568723118,41.5716955285175,10.0227937352237,38.315211887716
0.132,12.92128336229248,21.170098268185,9.83529893756614,38.7191108527903,8.45664133493759,36.1477088767805
0.1375,12.570789449273523,17.5189990284431,9.0564338689322,32.6292037598542,8.21637464314036,30.6645736451409
0.143,12.229802794908288,16.079018321601,9.14222302268174,33.5645281658673,8.20158639060379,31.4337337814965
0.1485,11.898065511787745,14.4334882920143,7.58309109874571,29.5790615384852,6.73535012506285,27.8592261260789
0.154,11.575326707780702,17.3880708698163,8.35425279894035,34.5140875407785,7.31154393322964,32.4885141368133
0.1595,11.261342296284669,10.9645798675466,6.94151749483373,19.9076183060664,6.37323245934793,18.9372979486825
0.165,10.95587481162373,14.3279048404392,7.04859774472417,36.7589776746587,6.15376310483106,34.6934047919958
0.1705,10.658693229453819,15.2130276434289,8.09045235224927,30.7893413953671,7.24332433963197,29.1968445833851
0.176,10.369572792039536,15.5525735954855,6.53142287214263,31.8280584150364,5.62240131100298,29.1837302094151
0.1815,10.088294838270395,11.898908677421,5.34449642682154,21.8462913331071,4.78147020503477,20.3892627498671
0.187,9.81464663828796,11.8065344120052,6.02257922320124,21.920915899844,5.34528808231385,20.4687277525295
0.1925,9.548421232598722,11.7027576860395,6.81445072503527,20.5390578005764,6.19597663607996,19.1823419850982
0.198,9.289417275551143,11.366895508238,6.40117633191962,21.3550863285203,5.87138409981408,20.4850973004289
0.2035,9.03743888305839,10.07501803167,4.49673736623714,20.5188302726645,3.63429133149657,18.506222653604
0.209,8.792295484451673,10.222076767599,4.63210949441824,19.4583293162883,3.79422563400028,17.8254648746358
0.2145,8.553801678352087,9.45339875550094,4.32739913278473,19.2898872361633,3.63331464242357,17.5666459301115
0.22,8.321777092451988,7.33047414397913,3.62231223653074,15.3201927024418,3.1490421800681,13.7708083513138
0.2255,8.096046247099835,6.86606824368107,3.78965446153478,12.3792913044634,3.45211184657062,11.6482199199983
0.231,7.876438422585333,5.99081070947145,3.38701747794192,11.4214755821879,3.05448661584801,10.7728971762341
0.2365,7.662787530024535,6.60286500970824,3.79797986373193,11.0536783797153,3.40819441503781,10.2693378896407
0.242,7.4549319857471845,6.21386704843262,3.9105324155658,11.3824026923684,3.3190074216958,9.93475784333607
0.2475,7.252714589091382,6.42541496951124,3.76070219436188,12.7805558740056,3.34949660870179,11.5995517735324
0.253,7.055982403513082,4.16258880455562,2.31481471002471,7.0179599036776,2.076733618853,6.5717377700333
0.2585,6.864586640920549,3.81108484178465,2.24555394802605,6.91147357286527,2.03838138331012,6.52188497941871
0.264,6.678382549146258,2.69104349243375,1.57074674234204,4.57999563833099,1.44491163831697,4.39489305357911
0.2695,6.497229302471193,3.60682124329571,2.01059006495774,6.7702067499444,1.81084976638407,6.35569913744263
0.275,6.320989895118662,3.35063309516546,1.75777082740871,7.47267880537277,1.4601214892671,6.31185135515389
0.2805,6.149531037637159,3.34078257851237,1.86831441653203,7.02381754370118,1.65568763112169,6.34442948763943
0.286,5.982723056093864,4.08251881364832,2.32693665424561,6.7499106056353,2.102358468842,6.43991623944742
0.2915,5.820439794002548,4.49935598203282,2.177273599601,7.94763942400468,1.90349428272407,7.4377672204684
0.297,5.662558516911719,3.04171340361593,1.9990078414057,6.04845462761803,1.76818751028394,5.43249269008471
0.3025,5.508959819580847,3.45995035378201,2.20395780215807,7.38462167113551,1.87497490960209,6.25971500196017
0.308,5.359527535674449,4.63002096515902,2.97597528221889,11.3013346171466,2.54849086953908,9.12478617478945
0.3135,5.214148649905775,6.11387434520682,3.38273861573653,11.9427746535746,2.93550701590524,10.7867768442392
0.319,5.072713212563602,7.09119535198588,3.99333782878986,14.5000832559279,3.39471232638239,12.7281027578029
0.3245,4.935114256357526,5.00257751439472,2.58354419892531,10.8199003305099,2.22721511621258,9.74831596218748
0.33,4.801247715518852,3.72465264053594,2.02412296379868,7.91301344619403,1.71890330568574,6.91434899679853
0.3355,4.6710123470959,2.74583048303129,1.40163494441866,5.26981397824335,1.28159554035409,4.99101244548887
0.341,4.544309654384188,2.85023536368695,1.04085245750965,5.96823170944459,0.856479074222599,5.54016114657716
0.3465,4.421043812433614,1.67671134037252,0.884506854526345,3.07229011465985,0.775111904873252,2.90029282402653
0.352,4.301121595576264,1.01412273548486,0.538347208869169,1.75068448098977,0.502271944280797,1.69792883437318
0.3575,4.184452306920063,1.10448273885528,0.632922426057091,1.78906657060105,0.582224627988336,1.69892906276109
0.363,4.070947709754924,1.31247759389684,0.846479123625947,2.23127883667451,0.776333703408665,2.07667903619093
0.3685,3.9605219608195323,1.65235413624911,0.687688162492494,2.93067719310745,0.579467368132651,2.70596439993311
0.374,3.8530915453782852,1.43710064708724,0.754589771626044,2.69584923516053,0.6720688472315,2.46678702935342
0.3795,3.748575214059297,1.58319826167182,0.836941088106877,4.0096815582308,0.637504914136459,3.62001668128891
0.385,3.646893921405684,1.11684073093587,0.648360860898648,2.60987871509019,0.553789585507297,2.29450912369049
0.3905,3.5479707660936755,1.03300821293889,0.562337841702618,2.62115500509695,0.494865100278536,2.34745043033225
0.396,3.4517309327723207,1.48705488068618,0.930592793107076,3.86026571003702,0.825443938044499,3.54398117970664
0.4015,3.3581016354808075,1.76366547843489,0.977165985493814,3.86681725798724,0.835138341145042,3.47536092670105
0.407,3.267012062600627,1.56171083915914,0.878447844157766,4.05435388375855,0.761120972003203,3.49928286844631
0.4125,3.17839332330089,1.290276761444,0.647006639172405,2.67992883132555,0.571711092278651,2.36984297561635
0.418,3.092178395436371,1.00849580970516,0.590945537434721,2.28429726849122,0.511694989437105,2.01812001876707
0.4235,3.0083020748588085,0.986403957863385,0.553486911457668,1.8088149719006,0.487405293035078,1.6685806589071
0.429,2.9267009261031594,0.869506396086407,0.484968216053126,2.44332191181052,0.387598462043785,2.07212096219122
0.4345,2.8473132344115113,0.627556852755431,0.290022624891513,1.8281992929109,0.228223281935563,1.5576730539792
0.44,2.770078959058347,0.562558287345196,0.289797400197366,1.45695553652375,0.240914910882137,1.32607136159561
0.4455,2.6949396879418916,0.521800926302604,0.302499418887938,1.12614612249103,0.270279013343394,1.0473610210487
0.451,2.6218385934071726,0.416691129294832,0.251494076252113,0.958021116840785,0.21666907869692,0.857472486948292
0.4565,2.5507203892673966,0.348347258451744,0.204550597596902,0.710904852531808,0.181681928661258,0.667992976562995
0.462,2.4815312889911416,0.287513577515394,0.142673424992024,0.516829814202077,0.123986898279009,0.490643323781431
0.4675,2.4142189650237196,0.288815961480466,0.146297292476859,0.47945554024079,0.12544235121925,0.452874474473781
0.473,2.3487325092119806,0.311939442627105,0.131028392085341,0.745282389890675,0.0897589450246781,0.666055607618106
0.4785,2.2850223943025822,0.357146923536279,0.13552836018202,0.835876914236297,0.109728922333758,0.771208394920185
0.484,2.2230404364846588,0.370256490254412,0.133379419677036,0.874556198780535,0.106941109029435,0.787545069909403
0.4895,2.1627397589485042,0.289125227734844,0.123982053459076,0.739386819775937,0.100253404127833,0.664338907582274
0.495,2.104074756432759,0.159933506819942,0.0614409335438788,0.405568105607492,0.0475696745191612,0.359268867543044
0.5005,2.047001060733258,0.121306234753803,0.0579247380013704,0.279046261129773,0.0479633780639935,0.243398167279263
0.506,1.9914755071474504,0.113782548476897,0.0524971422848646,0.24943735067166,0.0420779975469582,0.209553138146922
0.5115,1.9374561018290555,0.108820721064602,0.0485030223461664,0.240367026001268,0.0377255915851676,0.208805868930579
0.517,1.884901990028194,0.0860269855656438,0.0319816358665734,0.165849318641521,0.0229493460302525,0.148264708514277
0.5225,1.8337734251930533,0.0667116054596668,0.0259843817055311,0.144470064940742,0.0191826062571802,0.129297385180572
0.528,1.7840317389096514,0.0686542783575603,0.0317964125723437,0.169009163816765,0.0239147754958624,0.146246393089924
0.5335,1.7356393116570137,0.0574624928281741,0.02670942847164,0.133553977614274,0.0204222893251444,0.123577341477555
0.539,1.6885595443556123,0.0574624928281741,0.02670942847164,0.133553977614274,0.0204222893251444,0.123577341477555
0.5445,1.6427568306875713,0.0574624928281741,0.02670942847164,0.133553977614274,0.0204222893251444,0.123577341477555
0.55,1.5981965301676893,0.0574624928281741,0.02670942847164,0.133553977614274,0.0204222893251444,0.123577341477555
