x,truth,bc_med,bc_low_eq,bc_hi_eq,bc_low_hpd,bc_hi_hpd,sc_med,sc_low_eq,sc_hi_eq,sc_low_hpd,sc_hi_hpd
0.0055000000000000005,24.32186706383635,18.466122091001225,9.63021225522482,49.631360353791266,7.757273201089083,41.49212146316236,14.510689601994262,7.100570852637192,50.100805335431005,5.196518669082958,37.7863563468465
0.011000000000000001,23.662128698837094,19.550044097004026,10.315397378839972,55.32264101883462,8.258775690849752,45.00285361704986,16.414948798971587,8.100233128471578,78.98702865838239,5.931220851890078,52.541824068960786
0.0165,23.020285946420113,19.459620235982506,10.659609097642399,50.84899699582537,8.567315183176541,42.212872225261435,15.748940801548791,8.06879075682036,49.540600795194045,6.575367446091695,39.6274894574923
0.022000000000000002,22.395853382413204,18.721345414146455,10.408098503136607,45.84152755517945,8.441917435164319,38.61308055953618,14.680880457482003,7.633548921491731,44.179647974646564,6.053150436738213,35.29887605970125
0.027500000000000004,21.788358749928946,17.701126989130174,9.925096930424356,41.00058323319296,8.115521186957174,34.90857933681295,13.914459958564368,6.870125769273535,40.20746711505744,5.255794325964528,31.969964435171427
0.033,21.197342602197896,16.40513122229025,9.582902026873844,33.1726108681072,8.294107436312514,29.796556810447083,12.436463196285452,6.969372959828304,29.885458234001618,5.689655443227418,25.402165685711843
0.038500000000000006,20.622357955090084,16.179279294009476,9.436392398718787,32.93498191496818,7.949667745779586,29.33360304009156,12.036402551126798,6.619619810896131,29.030491233614693,5.306970387568092,24.412539198973988
0.044000000000000004,20.062969949061962,16.71651539931151,9.635167135525002,41.31532079051332,7.804345977932402,34.37174953970878,14.616529221382113,7.552017526898085,56.550667042897196,5.789959233411143,40.737374328037575
0.0495,19.518755520273142,16.224012653923463,9.441824210419846,39.62469119364999,7.601009532957148,32.605852962629385,14.44912098358262,7.518030611686386,63.39475667498392,5.4577935911008675,43.697187891795764
0.05500000000000001,18.98930308062421,14.892417997752226,8.788546795422118,32.572069165643754,7.563244747141769,28.329440643598026,12.73489560950346,7.009013517847887,41.896079959979716,5.653135075481092,31.783607212438223
0.060500000000000005,18.474212206473606,14.04563855484534,8.380316812364393,28.56387951534098,7.435853567158285,25.740841067178867,10.934707301972423,6.314359165392714,26.37314470150283,5.308306618311086,22.373009163134196
0.066,17.973093335798154,13.023195793398695,7.8583611748426865,24.4851503770758,6.912276309699332,22.35198443163863,9.795269091459765,5.775455214101324,20.594870730417757,5.064929654819938,18.263109068346555
0.07150000000000001,17.485567473568228,12.291043002512993,7.363927975588731,22.510538961047168,6.566569689993795,20.830884495028158,8.873692454712913,5.338436268003159,17.477097837648543,4.643411131439447,15.604483333809798
0.07700000000000001,17.01126590511469,11.772912147124956,7.093235589767888,20.679141612655712,6.462004195239485,19.31951551695217,8.225238279117907,5.101799791910786,15.56976636623722,4.470496221280461,13.988665958910705
0.0825,16.54982991727085,11.615747079628324,6.936424733592201,20.364059864431734,6.250785393733088,18.947168655973424,8.16279893291886,4.913710801107054,14.722715331774829,4.366636166215825,13.505540033938646
0.08800000000000001,16.100910527078533,11.864508103364873,7.133853241580438,21.80785355846283,6.273929349493178,19.98882008648055,8.572306339555462,5.089967108032943,17.45065617583668,4.334124484327753,15.472131207151364
0.09350000000000001,15.664168217853092,12.158602815259563,7.2297763825851895,23.21960124478645,6.3792298552662565,21.19571517346699,8.720863927510653,5.2470947148370275,19.620642270407135,4.515474212518681,16.860396320375123
0.099,15.239272682407732,12.432443419079055,7.360868224681136,23.826004952161963,6.468675107861145,21.75045191072292,8.717683506281045,5.32759816515729,18.29646335236313,4.6074872273147305,16.14295566910918
0.10450000000000001,14.825902573242944,12.993034506555965,7.615894109125102,25.93246237815269,6.679231073677292,23.44796110355189,9.273242676810522,5.541964461882613,18.651041886045565,4.790700431687759,16.58528306962206
0.11000000000000001,14.423745259512167,14.269714331172912,8.155887127286686,32.60080574150089,6.732474895515626,27.908038822924198,10.877231386037755,5.926723664357416,31.17621032938529,4.951843827373756,24.981308510334202
0.1155,14.032496590579788,15.512058565907298,8.639474929572291,45.24407583316434,6.684121335763523,35.67487699274959,13.599469026176385,6.660612304317059,67.8625005908149,4.6168505722709385,44.4372036475857
0.12100000000000001,13.651860665992736,16.37927738632162,8.852339308497559,58.0470842407845,6.594191509303801,42.691388235334934,15.43773983420288,6.890373649056762,136.97274944073132,4.574759278175547,76.59214930834327
0.1265,13.281549611691668,16.509835951890324,8.940192310939075,56.89563893879261,6.736966601531241,41.93430089315118,14.937081612321412,6.893001561903859,105.42981940490851,4.96086158817251,62.50690610686189
0.132,12.92128336229248,15.538401615650184,8.812083236199868,37.6038526913537,7.530690537275517,32.29101946308241,12.44012322348292,6.73849494529497,34.75716122327033,5.457103577536615,28.63873427066315
0.1375,12.570789449273523,15.929171045354298,8.699716183957971,46.64704980254896,6.468253800811275,36.4192358712593,13.117732553799913,6.645319685278556,61.43092955515936,4.681356104586937,41.18395126128654
0.14300000000000002,12.229802794908288,15.469591410820446,8.717676778874246,40.56333144702777,7.133656398041233,33.41508099154522,12.071658708558836,6.183651001006162,43.314009517909156,4.664029089922059,32.387868448711984
0.14850000000000002,11.898065511787744,15.012134290184992,8.562069828710802,35.41558099960979,7.127822719231383,30.14266348478348,11.724700144866752,6.014371830028758,31.754940042596136,4.881422626583744,25.981222466507795
0.15400000000000003,11.5753267077807,15.092433193032527,8.417426131194805,38.86523762718449,7.109962826612204,32.31393086440111,11.733275115749805,6.150883618695389,37.871039609391296,4.721887760563652,29.22579269953505
0.1595,11.261342296284669,15.337436971554347,8.369765248472746,45.28823684093492,6.785861721122834,36.04713177211134,12.551499299674466,6.501717154482251,60.069964829751704,4.6505987130719735,40.180821114524065
0.165,10.95587481162373,14.918182731079323,8.150795745111326,42.08697468878501,6.431429076285812,33.888600529142444,12.377209263907908,6.293304164475063,45.05670959085301,4.7613202150809,33.88120840050858
0.1705,10.658693229453819,14.571392213713214,7.905398125146652,44.50498438532274,6.241431491127177,34.61516578067411,12.372048167010597,6.154174036133771,62.45966684052073,4.143182219215628,41.36650974626678
0.17600000000000002,10.369572792039532,13.704911110958726,7.691127697337832,36.24517489494721,6.2949875254469365,29.94829885457264,11.197122777258203,5.953299112344056,39.11607138969705,4.76732407262535,29.640709169564474
0.18150000000000002,10.088294838270395,12.786191635647459,7.31606196284087,30.997207789400605,6.114410653254639,26.098975769357494,10.067033996856903,5.465472050344257,31.312434615616677,4.219704850811277,24.253916301201723
0.18700000000000003,9.814646638287957,11.619215242198003,6.827875118467879,25.06756951977775,5.786450881031858,21.82906384265467,8.82238974863719,5.0884992110431275,20.40858759436658,4.228954322062648,17.549078653244734
0.19250000000000003,9.54842123259872,10.859811134812833,6.502512773033724,22.16092401944281,5.700960476537435,19.648451778088592,7.994931916129291,4.753007004199192,16.759562769073053,4.098734582809261,14.88302595353655
0.198,9.289417275551143,10.949055038958843,6.432937057762349,24.08662556556942,5.494157636398911,20.894468066395326,7.998602325774176,4.725402082942308,18.879938318520406,3.966500651067582,15.938812410818757
0.20350000000000001,9.037438883058387,10.732257989906174,6.251622252414608,25.694984969888882,5.265706162022271,21.434703223926522,8.101159009952493,4.724071999592369,25.583145063911996,3.841239060155822,19.863059357471254
0.20900000000000002,8.792295484451671,10.326041125137609,6.088251369553781,23.302678135635336,5.228405355143639,20.06952703419917,7.69068568745327,4.563452070887265,20.28172906979081,3.682449996759984,16.70973223501498
0.21450000000000002,8.553801678352086,9.903799584963824,5.849296430639669,21.261119173299107,4.985840940336739,18.544761697339133,7.19510732274048,4.262839918222914,18.185684734984147,3.6130702643987855,15.155529424214885
0.22000000000000003,8.321777092451988,9.533939673118851,5.679159631202216,21.313652502626457,5.009315868299526,18.39615374847492,6.8755110880844175,4.079222781551789,18.661410959529537,3.3892129331690226,15.075422053029854
0.22550000000000003,8.096046247099832,8.92028738597681,5.372545637867004,18.538168906983906,4.57508159375152,16.213430005173517,6.200083611001077,3.777486684168833,14.427555745865922,3.2374318220712435,12.243104011196415
0.231,7.876438422585333,8.312055834441114,5.050316262123989,15.93988028563439,4.354001617335636,14.336261743628995,5.548491071125946,3.5296641658337027,11.179993025476183,3.0799643145665363,9.843189766550461
0.23650000000000002,7.6627875300245325,7.83687601227632,4.745364054774963,14.656179911361564,4.2269287497065875,13.374323591369006,5.054992076100538,3.360903922365707,9.43192918467493,3.0051075399703686,8.451044845967862
0.24200000000000002,7.454931985747184,7.466443171282802,4.550774806202143,14.026184818695912,4.026154513986557,12.6885345137303,4.7776216266049225,3.123640671678369,9.281619375758957,2.762045718087296,8.180006657844098
0.24750000000000003,7.252714589091382,7.045963921515238,4.340772740072298,12.803616211097188,3.8683580056413667,11.716087284821656,4.362643947366563,2.8950751177799408,7.620188257002249,2.5922780051182563,6.968968474957812
0.253,7.055982403513082,6.652699996064152,4.150652579734695,11.883291131603402,3.761247376590981,10.9821324477837,3.9904797506372733,2.732620152785118,6.421253046119839,2.5410386815873123,6.039690429240969
0.2585,6.864586640920549,6.345676809509735,3.911188469764011,11.287718312526998,3.5382072654884538,10.457766834738948,3.700589411165968,2.5835862982412707,5.799647813013041,2.4142735368519466,5.472950673480833
0.264,6.678382549146258,6.246558897991158,3.8452050524047983,11.211712201544747,3.4380376284742153,10.340010689530944,3.536369787887331,2.449217370363033,5.469788138026756,2.3258650126437366,5.215717920033492
0.2695,6.497229302471193,6.1646870346965414,3.719112998626511,11.372173668212302,3.3494464320486137,10.522867593402076,3.437521809746648,2.3756008069356547,5.391773707460692,2.2227480022753787,5.1164562090497245
0.275,6.320989895118662,6.141468977106015,3.7136741885822464,11.496818564981973,3.3006986722015683,10.49235559949067,3.372093651776912,2.338114184315597,5.392275330638756,2.153117455597087,5.036754916062162
0.2805,6.149531037637159,6.077561633774735,3.6209257989384724,11.547051307334124,3.187013139212178,10.432947811486965,3.247299631132454,2.258217611784758,5.087432315544233,2.1299643184286245,4.814952859369318
0.28600000000000003,5.982723056093862,5.995173198387012,3.5686024100667506,11.5333415212828,3.1722579401380258,10.465006559934215,3.131902159662718,2.189894224390177,4.880544032349081,2.05343589969857,4.628535065979716
0.29150000000000004,5.820439794002546,5.854493211128654,3.503102433977089,11.286225838157147,3.0419384978092627,10.163554742505662,2.975954122541828,2.0562974252553894,4.577282881680563,1.9159202471910506,4.324375619142641
0.29700000000000004,5.662558516911718,5.78903367382952,3.4365283352618508,11.26903383551684,3.0000164899361637,10.166405630909637,2.8467630435169404,1.9999618402743786,4.365959559728806,1.8904476391690228,4.159052558657663
0.30250000000000005,5.508959819580845,5.7646967638125775,3.35890397157087,11.464419700220798,2.9344083223100577,10.315865073134482,2.782778705250121,1.9549731470524643,4.286378234698443,1.838540443695678,4.06237704728529
0.30800000000000005,5.359527535674447,5.760172612371978,3.321061131396215,11.984304110875302,2.8197085883967397,10.645187812944735,2.7236326503697277,1.9086086959760729,4.226828624207763,1.791914260666073,3.99873941107024
0.31350000000000006,5.214148649905773,5.745707751640756,3.2773772394221843,12.093337928946246,2.7779070284807923,10.751729309173527,2.6587944029975583,1.8559302827149144,4.223889022771287,1.7287377151001448,3.9758576946852497
0.319,5.072713212563602,5.695384504881615,3.205089465581358,12.323473475951566,2.7406634585800673,10.876809056508083,2.5804424933088015,1.8242376894785486,4.1024260437950275,1.7161797426450114,3.85393463527617
0.3245,4.935114256357526,5.624614718221521,3.138780187336314,12.222267306164717,2.707875828168618,10.83594685837223,2.482332731294423,1.7474453079346013,3.9601663183101024,1.632805864519677,3.7011557214477633
0.33,4.801247715518852,5.4942195367671145,3.041459212561157,11.916259533948148,2.6123511319211445,10.544282044474045,2.379735149139912,1.6882956047835627,3.7277194656692823,1.5961318036185763,3.5248121225502724
0.3355,4.6710123470959,5.385459330235461,2.966748646243622,11.739556381996497,2.4982512824472054,10.400652433232615,2.2946856961011637,1.6297121142341209,3.4774580339959726,1.5250532300838462,3.285159332945994
0.341,4.544309654384188,5.238408819182146,2.874514235655283,11.203572208732352,2.429681048958666,9.949496035677873,2.192091213016428,1.56474599167894,3.2956980830932965,1.4652827302034865,3.1242509788618587
0.34650000000000003,4.421043812433612,5.075652305250128,2.7892565167942034,10.704827389625152,2.412352966382466,9.584258268962177,2.0992858558679592,1.4767883604235508,3.130575954911802,1.4069647212440854,3.0052782562657914
0.35200000000000004,4.301121595576262,4.933741814582204,2.7268325210965507,10.269276379872814,2.3173634160912027,9.194925075532124,2.0081920973462166,1.4248314881826851,2.9788829077533387,1.364069098966163,2.8699526210940425
0.35750000000000004,4.184452306920062,4.857726861855776,2.634723182476881,10.070217884929992,2.2030698121892724,8.990939638696515,1.9294434836952143,1.3755069386087926,2.8480565349167266,1.3019733316084223,2.727038722442341
0.36300000000000004,4.070947709754924,4.8242085114257875,2.6043772748879435,10.09205298917516,2.2007342644073162,9.00754570177195,1.8585947613643652,1.3262473938099297,2.753226846642482,1.267729736517341,2.639736368990823
0.36850000000000005,3.960521960819531,4.808526076140877,2.5822308081262113,10.258575336912529,2.165093295136252,9.087968873927627,1.808858902992632,1.2776894937814491,2.6738179619632017,1.217189004140341,2.5699854197801377
0.37400000000000005,3.8530915453782844,4.775969789300622,2.527779964716909,10.254542552345129,2.1486055846677243,9.120866527800796,1.7602306312654161,1.2428016935999397,2.6023793781859665,1.190822437261343,2.5061734457949756
0.37950000000000006,3.748575214059296,4.733580898881882,2.490210925214193,10.253446242013295,2.0779474025522773,9.093353135704618,1.713238670621713,1.2075732222657343,2.52511109713093,1.1554332415779052,2.4316440747165906
0.38500000000000006,3.6468939214056832,4.679189277702109,2.435916691354013,10.217859982595094,1.9952458001348545,9.063233192578474,1.6665328260919088,1.1621611227463855,2.4647950611033154,1.0890347501335407,2.3627648298350246
0.3905,3.5479707660936755,4.692291017938547,2.382062769849644,10.445670294430027,1.9782823097237736,9.270576151026637,1.6310063365708298,1.1358685703258802,2.4417833896280214,1.0643885479728805,2.332938631902029
0.396,3.4517309327723207,4.696810370584493,2.375866998019327,10.842142305249105,1.9381260369976032,9.479988880834231,1.6004677430912513,1.0945701789514184,2.3687884063491746,1.030387503349643,2.2725202086490834
0.4015,3.3581016354808075,4.6924238597501295,2.3655771946550295,11.33515801135419,1.940763437687291,9.829722698265936,1.567518813241421,1.0676627957222193,2.3267435552312317,1.0120768476250184,2.2448706909226814
0.40700000000000003,3.267012062600626,4.692984932233111,2.3407923046540793,11.569124238209339,1.9068367694752886,10.00892700800007,1.5328239788901137,1.0367337189539245,2.2916169920194327,0.9666455862689485,2.1866094570877426
0.41250000000000003,3.17839332330089,4.690133780411205,2.333046374986811,11.505568943157291,1.8248996024711508,9.917502014122942,1.508145829158075,1.0100421593487299,2.2519166047500594,0.9735619410359301,2.1800359606899486
0.41800000000000004,3.0921783954363695,4.659940709114662,2.313578364439846,11.546739756669245,1.8433613693887139,9.91947465724833,1.483083023078113,0.9883023672512765,2.2106637592945764,0.9401402467231391,2.131723769021847
0.42350000000000004,3.008302074858807,4.628300068827583,2.273319731144222,11.467185028951306,1.7637264458949315,9.820331983014432,1.4542901856217663,0.969107717007486,2.1956618125855076,0.9067484427069291,2.082852896496902
0.42900000000000005,2.926700926103158,4.5833486738493185,2.2287664430250596,11.327801581027607,1.80073908066855,9.850217328684986,1.4293007961568271,0.9592157539201166,2.1591775187580318,0.8949255870793658,2.045865142873439
0.43450000000000005,2.84731323441151,4.528137902201208,2.1987366406050826,11.082620674626279,1.7619576428210149,9.602305863683009,1.3984737812180956,0.9318628068624231,2.115548841305288,0.8817635280983661,2.024939697049442
0.44000000000000006,2.770078959058347,4.483027749919516,2.1656730784405687,10.824977338221533,1.742820113100061,9.401753114451923,1.3698470945522483,0.9142406864930676,2.0805901561536895,0.874194908045244,1.9992201347130427
0.44550000000000006,2.6949396879418903,4.452199749393937,2.147452449016306,10.819455332439254,1.6883985698573825,9.402288257738714,1.3465100740554945,0.8961173330464637,2.0492084160218647,0.8492218487851041,1.9572421129672102
0.45100000000000007,2.6218385934071713,4.431988612020023,2.12538378776983,10.736686996995713,1.709165847116215,9.354799311712902,1.3150556448019894,0.8797907374419001,2.0136763196973533,0.8344935222834057,1.929303201629095
0.4565000000000001,2.5507203892673966,4.38598587137256,2.096820704259155,10.623026334387841,1.7142855259016674,9.22955205189829,1.2940995181496606,0.8629262447559587,1.9842406554063476,0.8201355636249393,1.9022528800314225
0.462,2.4815312889911416,4.375675010221395,2.072912637465335,10.68151702084042,1.719900848030826,9.339776001239443,1.279326892707163,0.8585252217178245,1.9772821185056237,0.8067973862482979,1.882511520354883
0.4675,2.4142189650237196,4.4001597047431575,2.0675115159915065,11.269824876078841,1.6664925201707275,9.704358769223067,1.269388538780429,0.8638035816211153,1.9610920514505465,0.8060594964471969,1.8704588654765368
0.47300000000000003,2.3487325092119793,4.436972596274561,2.067575009086383,12.03345350622981,1.6214451529814553,10.130431176489648,1.2615032375650153,0.8494213750542061,1.9574926260793006,0.800920686264889,1.8713592053932213
0.47850000000000004,2.2850223943025822,4.486610045970881,2.0723624414469954,12.615893457481803,1.630271341640006,10.48520373214806,1.243078395319081,0.8478862561428245,1.9370126507312784,0.8053329954406855,1.8539163891625976
0.48400000000000004,2.2230404364846574,4.515990440020564,2.0544188029263064,13.086375156322195,1.575952756791612,10.818024408288634,1.2348141876855334,0.8325510771884718,1.93876622428206,0.7867519038879652,1.8447873533580441
0.48950000000000005,2.1627397589485033,4.549037026703063,2.0585740652242386,13.428492201393091,1.5559794191667076,11.062261901542623,1.225676450287232,0.8239435798207798,1.9424052212488243,0.7756794436294548,1.8408499033204386
0.49500000000000005,2.104074756432759,4.574950618779461,2.033983171043637,13.897018217007671,1.5512574230174112,11.36138784808837,1.218146990040074,0.8182590679593255,1.9413896332684095,0.7676935050000625,1.832561977898216
0.5005000000000001,2.047001060733256,4.595390155161289,2.0521851531672004,14.01014472315929,1.5585536675560423,11.494515210714274,1.2155419924179491,0.8091271220798004,1.9349969762463342,0.7497323826839862,1.8250324612599385
0.506,1.9914755071474504,4.596966198482693,2.036720400658896,14.114541304873299,1.5088186955001903,11.46504001477118,1.210476169752759,0.8010987503368462,1.9330402813129717,0.7489857588277216,1.818796961494746
0.5115000000000001,1.9374561018290544,4.599256405250176,2.017020445355969,14.328665895057982,1.476351924063496,11.621906384127891,1.2047458911735736,0.8047700503973841,1.9374155677085105,0.7512960935489517,1.8223393505395058
0.517,1.884901990028194,4.575367390424825,1.994378008057364,14.189540265656044,1.4703507455494471,11.54125630973089,1.1969035378254027,0.7941153179133458,1.9371610587979917,0.7380869490851208,1.8170740203495082
0.5225000000000001,1.8337734251930526,4.569926619507774,1.9960711205397135,14.246835683869115,1.4786429192358972,11.555334852725371,1.1909998699437239,0.7854940852663644,1.9316881796464294,0.7192833546857429,1.8022101364533691
0.528,1.7840317389096514,4.559516456319902,1.9876157492988566,14.31918658966504,1.4918141016901447,11.731039746383708,1.191322388623659,0.7824669976523696,1.9373665458251432,0.739363605039596,1.8346867148614117
0.5335000000000001,1.735639311657013,4.573232021710417,1.9868235965277121,14.922496470427353,1.4590970209030214,12.147724454134346,1.1917759311582943,0.7759828388073287,1.9523793585485796,0.7164937868215696,1.8328347510721388
0.539,1.6885595443556123,4.595082851756306,1.9769331660477343,15.92628724809131,1.3898771179686065,12.595467711603801,1.1902060591516688,0.769989404026873,1.959414843054506,0.7027297346841436,1.8357003990359086
0.5445000000000001,1.6427568306875706,4.609338809112444,1.9888175075722825,16.913734390313408,1.433301810878256,13.137344410646065,1.186718497314783,0.764294472168772,1.9748567907661465,0.677619137096211,1.8268889617344162
0.55,1.5981965301676893,4.612352698953915,1.9705338753123671,17.77475498888381,1.404935841083752,13.548252365027269,1.19198671593542,0.7610154072223425,1.9926666042473062,0.6842943830733128,1.857294400977008
