tag,method,likelihood,nsim1,nsim2,rem,secs,per10k,jitter,const,ntip,T,bounded,p,proposal_sigma_l,t
syn1,RI_BM,bc,1000000.0,1000000.0,10.0,883.479593038559,4.417397965192795,1e-08,1.0,100.0,1.0,True,,,
syn1,RI_BM,sc,1000000.0,1000000.0,10.0,142.59245491027832,0.7129622745513916,1e-08,1.0,100.0,1.0,False,,,
syn1,RI_SE,bc,100000.0,100000.0,10.0,,,1e-11,,100.0,1.0,True,557.8140474557877,0.05,0.78365
syn1,RI_SE,sc,100000.0,100000.0,10.0,,,1e-11,,100.0,1.0,False,596.7947919011116,0.05,0.66785
syn1,DIS,bc,,,,,,,,,,,,,
syn1,DIS,sc,,,,,,,,,,,,,
syn2,RI_BM,bc,1000000.0,1000000.0,10.0,1153.4562838077545,5.767281419038773,1e-08,1.0,100.0,0.7,True,,,
syn2,RI_BM,sc,1000000.0,1000000.0,10.0,118.61535096168518,0.5930767548084259,1e-08,1.0,100.0,0.7,False,,,
syn2,RI_SE,bc,100000.0,100000.0,10.0,,,1e-11,,100.0,0.7,True,663.6436201930046,5e-06,0.9994
syn2,RI_SE,sc,100000.0,100000.0,10.0,,,1e-11,,100.0,0.7,False,729.828300189972,5e-06,0.9997
syn2,DIS,bc,,,,,,,,,,,,,
syn2,DIS,sc,,,,,,,,,,,,,
syn3,RI_BM,bc,1000000.0,1000000.0,10.0,1510.915675163269,7.554578375816345,1e-07,1.0,100.0,0.71,True,,,
syn3,RI_BM,sc,1000000.0,1000000.0,10.0,140.44449019432068,0.7022224509716033,1e-07,1.0,100.0,0.71,False,,,
syn3,RI_SE,bc,100000.0,100000.0,10.0,,,1e-14,,100.0,0.71,True,458.8089906334877,0.003,0.65145
syn3,RI_SE,sc,100000.0,100000.0,10.0,,,1e-14,,100.0,0.71,False,435.07264251708983,0.003,0.87155
syn3,DIS,bc,,,,,,,,,,,,,
syn3,DIS,sc,,,,,,,,,,,,,
syn4,RI_BM,bc,1000000.0,1000000.0,10.0,1411.2782759666443,7.056391379833221,1e-07,1.0,100.0,0.55,True,,,
syn4,RI_BM,sc,1000000.0,1000000.0,10.0,145.55344581604004,0.7277672290802002,1e-07,1.0,100.0,0.55,False,,,
syn4,RI_SE,bc,100000.0,100000.0,10.0,,,1e-14,,100.0,0.55,True,516.9097618460655,0.003,0.65625
syn4,RI_SE,sc,100000.0,100000.0,10.0,,,1e-14,,100.0,0.55,False,415.6844155907631,0.003,0.85155
syn4,DIS,sc,,,,,,,,,,,,,
covid,RI_BM,bc,1000000.0,1000000.0,10.0,1110.8536489009857,5.554268244504928,1e-09,1.0,103.0,0.585876715905435,True,,,
covid,RI_BM,sc,1000000.0,1000000.0,10.0,116.50991320610046,0.5825495660305023,1e-09,1.0,103.0,0.5858767153195582,False,,,
covid,RI_SE,bc,100000.0,100000.0,10.0,,,1e-13,,103.0,0.5858767153195582,True,450.35301238298416,0.001,0.9653
covid,RI_SE,sc,100000.0,100000.0,10.0,,,1e-13,,103.0,0.5858767153195582,False,749.5517870545387,0.001,0.96625
covid,DIS,bc,,,,,,,,,,,,,
covid,DIS,sc,,,,,,,,,,,,,
