x,bc_med,bc_low_eq,bc_hi_eq,bc_low_hpd,bc_hi_hpd,sc_med,sc_low_eq,sc_hi_eq,sc_low_hpd,sc_hi_hpd
0.0058587671531955,1.22179979583426,1.00026730501793,1.78446439500444,0.980741774202969,1.67662379584827,1.39256898499986,1.04278287443657,1.98639473209559,0.99361808250905,1.871577201596
0.0117175343063912,1.29049405754662,1.00261442263858,1.94002190778492,0.977715643538006,1.80855475905642,1.48261653995277,1.06269336632396,2.1315339460279,1.00006244051786,2.01337157087982
0.0175763014595867,1.33910746325417,1.00423132774509,2.03134489122315,0.979121542577176,1.90114156823221,1.53693594368666,1.07604011415792,2.23125044923196,1.00179275722175,2.1045792188806
0.0234350686127823,1.35834264800793,1.00494490201473,2.04811612848016,0.975723819297746,1.91718591184645,1.53552448898328,1.07708504747025,2.20772129832946,0.998413627941664,2.08860926491726
0.0292938357659779,1.40299574443234,1.00599293103028,2.2241483729422,0.976230791463333,2.06825190439546,1.61221944501948,1.09067707426616,2.44186910824237,0.996696207230223,2.28316043325197
0.0351526029191735,1.42575199797204,1.00608619310494,2.336848865374,0.97295069355478,2.14792665708821,1.64374049969951,1.09223712459694,2.57716987290595,0.997023995288597,2.39574677562838
0.0410113700723691,1.42661533190717,1.00597144341281,2.35237474837344,0.972030599345178,2.16101952872709,1.62689785655581,1.08643729712138,2.56018411429553,0.990927534576541,2.37093354214677
0.0468701372255647,1.42045099877305,1.00504539092851,2.34622316651219,0.96683002866597,2.15565270318914,1.60121649020306,1.07703594115103,2.55114226494663,0.992849020263856,2.36822480421078
0.0527289043787602,1.4032960819741,1.00324667594356,2.30828732906593,0.963963779913623,2.1192469749308,1.55466080864402,1.05924509058597,2.46703993418598,0.984120487545068,2.28780791335107
0.0585876715319558,1.3773538550335,1.00074031139806,2.24544908879215,0.95828687403633,2.06136171185645,1.49656062041051,1.03490558724969,2.36723714180218,0.970099046543197,2.20083665032922
0.0644464386851514,1.34078017565102,0.994772447698642,2.14116608469135,0.957595708778637,1.99320695447876,1.41198431901306,0.999117052905087,2.19631651222067,0.936225359046589,2.06149652313386
0.070305205838347,1.29389548958891,0.980154366712391,2.00974075420765,0.93807638416866,1.89722335561015,1.31134788531246,0.92376994606127,1.99137670649206,0.881056179062187,1.91362163444193
0.0761639729915426,1.26675996059451,0.961237616180813,1.97507868819685,0.913410952047677,1.87496486592539,1.2542695296493,0.865555013998661,1.9038701920496,0.823974625751232,1.83154245999921
0.0820227401447381,1.25511655528552,0.949227440722556,1.98982303476447,0.898058128374404,1.88172962435815,1.23157220130307,0.845988742599192,1.90325271400312,0.797980699761211,1.82647235100484
0.0878815072979337,1.2364638788949,0.923935396133189,1.97886527125149,0.866741607792624,1.86645636551575,1.19456620371921,0.807798720171087,1.85413524005542,0.75363596085394,1.77006246663536
0.0937402744511293,1.21019705725801,0.882295430486095,1.94630053367005,0.818780764897282,1.83053397032219,1.13800464308363,0.752679232740308,1.76266225101808,0.716227760933059,1.69941715938322
0.0995990416043249,1.19428144985729,0.849761568669102,1.94355611099734,0.780518555398681,1.81854649852643,1.10414016567396,0.716438318706311,1.72240972698455,0.67521897425976,1.65345018986045
0.10545780875752,1.1759740795042,0.81280990950675,1.9397775747248,0.743020313383899,1.8130269086673,1.06198468539678,0.6680478284063,1.66107402406318,0.626318975955098,1.59451566522703
0.111316575910716,1.16895513870064,0.799195287508831,1.97106249854984,0.71958419687373,1.8234985281298,1.04431007616679,0.652410543258552,1.66022827153849,0.599511063305977,1.575857157114
0.117175343063912,1.16009001056422,0.781652362517869,2.00754839297449,0.70339194028178,1.85003602085613,1.02472295500224,0.633986601690946,1.64536088465226,0.581284781522784,1.55625800320365
0.123034110217107,1.15270080781291,0.766740035836771,2.03278663191278,0.701784495880113,1.88626543856664,1.00526475437194,0.613767080688678,1.62970089078285,0.571404629300364,1.55310295271171
0.128892877370303,1.14520056458127,0.74686792924839,2.0617827713237,0.6652926001465,1.88456842467558,0.985324329189072,0.59333662846047,1.61204298115999,0.541316471258377,1.52166626814957
0.134751644523498,1.14634299647007,0.742532113711519,2.1398441171129,0.647813227720157,1.92143448008313,0.982381488185014,0.588187074261447,1.63744848903993,0.541950761789971,1.54035213207757
0.140610411676694,1.14297903854283,0.730437198623829,2.1794190569553,0.639508190360092,1.95323830936334,0.967058655109606,0.572837807023198,1.63425743437634,0.520167320122798,1.52885438104328
0.14646917882989,1.14079640898561,0.7258005675269,2.26286072653715,0.616444029693297,1.98523067488598,0.955395541452617,0.566472545606593,1.64501521058566,0.505721999212964,1.52562817498963
0.152327945983085,1.13514098493917,0.708921046092625,2.29042900742836,0.591296525254315,1.99752569196164,0.935646630056767,0.546715216393588,1.61758411872782,0.482443996939543,1.50177371806748
0.158186713136281,1.12481008275936,0.68598716968224,2.30716124763058,0.569711390668613,2.00139318708095,0.905918331684376,0.523389015714036,1.57335916731047,0.463147143333565,1.45973209598608
0.164045480289476,1.11736464139534,0.668604019332408,2.3528967436655,0.555171789553773,2.02048720913794,0.880772912950427,0.503810405962665,1.53804314737228,0.446708101753037,1.43037633232427
0.169904247442672,1.10757680166106,0.644560593844222,2.3612203658143,0.519481157986464,2.01587180119251,0.848023834361493,0.475560033236034,1.47765052079704,0.425781272648777,1.37848110149985
0.175763014595867,1.09462198803191,0.614007832559152,2.34804360399386,0.495643622665191,2.01325970062035,0.808659171714838,0.439946635989797,1.40913409641998,0.393275771634291,1.31953714117593
0.181621781749063,1.0907523475188,0.59624218890507,2.39874494939076,0.463740543198137,2.02448968872103,0.787141749110118,0.423983325328548,1.3838637096944,0.376981373274031,1.29777413294428
0.187480548902259,1.08835702314267,0.584290304218621,2.46921211165848,0.438584954792333,2.04143418981132,0.771530599536528,0.411956311525618,1.37623850717655,0.360316046428358,1.28413097041501
0.193339316055454,1.08426336847208,0.5686005640949,2.51155876994257,0.438363372342995,2.08806241880401,0.752466591600536,0.397699377373371,1.35560128207394,0.346302678588128,1.25861123478831
0.19919808320865,1.07909088733678,0.550017738573049,2.53829598911126,0.42016363138297,2.10052153931887,0.727877480638447,0.374379417441169,1.32346357364056,0.334102996390328,1.23942499483353
0.205056850361845,1.07514285784652,0.537811900205168,2.59362813986525,0.38987132832957,2.11690328691042,0.709642357024441,0.359867095663792,1.30469890620885,0.31882813262522,1.21991576993194
0.210915617515041,1.07148531792472,0.520984758448667,2.63517232642786,0.397839792249005,2.17359559429705,0.687698072933713,0.340715397810429,1.27282431070532,0.293611595943016,1.18902933567029
0.216774384668237,1.07429765858181,0.51546817142497,2.74735889374435,0.375612381742695,2.22390961256786,0.682854495906067,0.336239285779812,1.28418438029778,0.287968491699097,1.19365921825599
0.222633151821432,1.07625706733483,0.509707172229156,2.85800093241411,0.357086517228914,2.26553539256452,0.675090416464836,0.330909902266767,1.28913697904363,0.281623678063671,1.18955428896506
0.228491918974628,1.07678137644245,0.501582605722347,2.95268120977565,0.340279427004414,2.29662576502303,0.664971416683019,0.32441990028537,1.27971107714874,0.283507346105626,1.19251295775671
0.234350686127823,1.07646554034673,0.494033884612591,3.05014272559663,0.338996093842408,2.35255673607071,0.651320964241677,0.313332812656113,1.26955712120686,0.263130902309654,1.16727535316872
0.240209453281019,1.07519836595412,0.482129981012014,3.10077136376846,0.327746020240799,2.39668814010912,0.634133194151788,0.301864636651523,1.25013965852487,0.253726169896156,1.15523978577586
0.246068220434214,1.07350314351078,0.468759671850491,3.150665992221,0.313021629560472,2.42803220280116,0.616522053055711,0.286653727609319,1.23208998744124,0.247175665717229,1.14382905056883
0.25192698758741,1.07344061730242,0.460274287448506,3.24554110805692,0.290260597739224,2.4593596920066,0.606008073582101,0.278410771844971,1.22506377031855,0.236757227688608,1.13801401252143
0.257785754740606,1.07355194021154,0.45061386914118,3.34454612627787,0.277399502650268,2.51020957504681,0.592139107653063,0.26871175699122,1.21194673776201,0.230227476301475,1.12666904284054
0.263644521893801,1.07285788609938,0.440018828080092,3.3906584584234,0.266183586143558,2.55064513364596,0.577264217436023,0.256651329389124,1.20275835199151,0.212955367999357,1.11094590403727
0.269503289046997,1.07546121533329,0.435790615885383,3.51204085849691,0.252965670751488,2.61295973793377,0.568671356438745,0.251508179244013,1.20005850152278,0.205391360420402,1.10491177032862
0.275362056200192,1.07504864478285,0.427822307236096,3.64058529397745,0.244959619482232,2.66006905188516,0.560423108340516,0.244260621253522,1.19739505368545,0.197623813362234,1.09962587655176
0.281220823353388,1.07586555901275,0.421363289962384,3.7287785429141,0.251344774815493,2.73063930950071,0.549298546099796,0.235859525304476,1.18311101692078,0.185103101655465,1.0856688488413
0.287079590506583,1.07634125584361,0.413320802010418,3.79000040389074,0.226975713759472,2.77033249535026,0.53739485292232,0.228589437897825,1.17884164388765,0.182043168507883,1.08425750517941
0.292938357659779,1.07563898988872,0.401857927363403,3.85679683283569,0.21398947384028,2.80884385838699,0.523769188994716,0.219229775895357,1.168956746304,0.177286572195308,1.07673822080768
0.298797124812975,1.07462798535881,0.392786557223217,3.91345244013925,0.208381206009294,2.83820536494048,0.509261404813652,0.208654431463553,1.15368755711237,0.168846446173008,1.06435398756567
0.30465589196617,1.07301994022969,0.378583370203987,3.9448667141883,0.182485190137161,2.83393225189907,0.492907894473681,0.195649892401688,1.14081945649115,0.156030494117292,1.05055622048373
0.310514659119366,1.07500568281535,0.372283370096335,4.03984806334279,0.182674013219833,2.9024916149752,0.48394143533432,0.18855940548471,1.13828875937835,0.146948709109328,1.04446309392647
0.316373426272561,1.07977413573086,0.372629443369627,4.2069092923891,0.177967737368616,2.98757752047394,0.481756539680958,0.18687762412946,1.14265192772548,0.145934408323527,1.05024830993022
0.322232193425757,1.08412767171414,0.371099431635438,4.39121616434664,0.190685860628408,3.09944963141105,0.479657350833926,0.184316479452912,1.15061125943938,0.14585265073273,1.05415436966547
0.328090960578953,1.08744161387636,0.369957577663744,4.53225800058212,0.178069197908956,3.16720425293553,0.475586944237559,0.181419000047475,1.15625734489384,0.13877573850765,1.05322868700267
0.333949727732148,1.09125579722925,0.36708702221843,4.68714768094593,0.179501102658712,3.25727647205151,0.472237532594547,0.179108234372164,1.15917939159098,0.135327865995761,1.05404320340695
0.339808494885344,1.09377496701446,0.365727550958303,4.83810865179597,0.171749363977981,3.33483070837842,0.467140483653312,0.175401532516525,1.15877220168912,0.130485284494665,1.04961125649084
0.345667262038539,1.09565656426165,0.361937364465497,4.96392454616244,0.155118876768339,3.39687831392026,0.461339225230873,0.171218676034329,1.16049030260333,0.123037633291962,1.04674032489865
0.351526029191735,1.09759954852472,0.356974184199985,5.10712346774093,0.171135405448937,3.47424228383619,0.455016076830173,0.16652199728106,1.1601931830693,0.125611846344945,1.05196467492308
0.35738479634493,1.09781216918558,0.351618676504126,5.23525317095584,0.149018416500473,3.53249827944037,0.44763260573318,0.161589544760554,1.15410777589569,0.123765237422475,1.05085562092562
0.363243563498126,1.09909913946049,0.34674578737736,5.29599389000707,0.144115154344603,3.59011602389928,0.44072724855316,0.156138871214807,1.15128781302025,0.111248430194624,1.0397104292049
0.369102330651322,1.10048278597613,0.340102207505358,5.38111087340903,0.127067725082736,3.62005288732205,0.432187341471401,0.150519330734441,1.1449291609364,0.107754240269469,1.03806836806351
0.374961097804517,1.10111612618021,0.332241092190619,5.4815525686641,0.127249216112774,3.66397322031784,0.422899238685705,0.143156655613152,1.13830282946992,0.105645542563339,1.03577255203677
0.380819864957713,1.10433666166237,0.333151386601192,5.60232304660575,0.132959775941557,3.76684893249809,0.420483422750573,0.141685136371479,1.14589714102771,0.102803693714205,1.03875923706814
0.386678632110908,1.10802753185924,0.331095842881989,5.76675546118311,0.131898256138969,3.88323366544574,0.418474596796355,0.14068170605344,1.1544062251536,0.102036529012134,1.04005271682248
0.392537399264104,1.11202238985548,0.327716604249344,5.93921034587397,0.108420306530651,3.93925729536384,0.414986176370454,0.137303346031815,1.15852682247333,0.0955489020360686,1.03796058050764
0.3983961664173,1.11514046495691,0.325589112223976,6.05862514355994,0.118927253727453,4.00897274927299,0.412218598473317,0.134519040932756,1.15917729942479,0.0900382224164735,1.03601664108725
0.404254933570495,1.11643326961934,0.321866784317148,6.23286951239828,0.109216543093273,4.05966356356413,0.408549918124987,0.131837475592692,1.16575933582438,0.0873050731424653,1.03859503222449
0.410113700723691,1.11831090065679,0.318653630019386,6.36636693591684,0.0974305389001753,4.12227988608272,0.404969555694055,0.129779658323716,1.16523004735455,0.0897930667416856,1.04079156840111
0.415972467876886,1.12105383290286,0.315890436145863,6.45136257269056,0.0986105874701359,4.18684021791977,0.399493191890117,0.125645543135782,1.16407441937028,0.0805810143294465,1.03515663374554
0.421831235030082,1.12220552608377,0.310637299429586,6.56524927045879,0.101061830649893,4.26899941672221,0.393637751998845,0.122382987383887,1.17156254404434,0.084333614916658,1.04269643957884
0.427690002183277,1.12327851061597,0.308831080121205,6.63219702806809,0.0935370158070802,4.30215114004098,0.388752610393719,0.119078653083741,1.17439732713075,0.0788331426698035,1.03723829511064
0.433548769336473,1.12379951479608,0.303425110729181,6.77993736306117,0.0955434647967386,4.34044981538831,0.383538962982247,0.115646208717884,1.16835347218559,0.0743768661562355,1.03540492575854
0.439407536489669,1.12407620349599,0.299699293688242,6.82029394838784,0.0863561247391378,4.35274225962098,0.37892230630158,0.111591845286081,1.16956371262934,0.0684064595966407,1.03025561347273
0.445266303642864,1.12473576933184,0.294903736085443,6.89476862002787,0.0737219394622572,4.38882573045336,0.372761381824166,0.107415596403822,1.17082471867148,0.0665396427011822,1.03174088210772
0.45112507079606,1.12367478510022,0.288847621386993,6.91822252648629,0.0795592473299851,4.44090607257622,0.367182161210949,0.102230534420276,1.16668311481463,0.0645851965476654,1.03083203977067
0.456983837949255,1.12227686864114,0.286859944518476,6.99355062290485,0.0815286619577329,4.47590795705354,0.359720262526785,0.0986139152147683,1.16040729916028,0.0635259878638925,1.02728567677264
0.462842605102451,1.12087216712689,0.280882803479122,7.01223763679236,0.0686243802383936,4.46783453072554,0.3534082862594,0.0940957311174813,1.16033842270773,0.0589200337797895,1.02435855831917
0.468701372255647,1.11950203089625,0.272851729679452,7.11080057307271,0.0528922213629949,4.47142773231289,0.346402404923075,0.0896628645656016,1.16152393275772,0.0530153049436912,1.01956450890538
0.474560139408842,1.12158852929475,0.271690260681048,7.23678141199252,0.0539312764350327,4.55698776172626,0.344416467873123,0.0872540522350993,1.16986037005514,0.045987516648894,1.01876426737631
0.480418906562038,1.12482294119215,0.269584673523132,7.33839381528642,0.0672582410151213,4.60071336678177,0.342669876086233,0.085107056015003,1.17625121646634,0.0516050033615415,1.02842026392532
0.486277673715233,1.12546676158226,0.266917442240214,7.41562701596419,0.0490440249619736,4.68220104449382,0.339456342145817,0.0831927175629389,1.18284076942197,0.0435740462241887,1.02741801148634
0.492136440868429,1.12552004429323,0.262929111261645,7.58556973278134,0.054463448971216,4.73929722253341,0.337457461761823,0.0809665318696438,1.18875286232795,0.0446996089284348,1.03061169325151
0.497995208021624,1.1279418923463,0.26165925698467,7.6719615545075,0.0508960717708254,4.79569826829742,0.335131860490763,0.0794140887628376,1.19737774125351,0.0462335608647998,1.03850874783234
0.50385397517482,1.12768321631088,0.258931450070676,7.71218547339725,0.0452785067889002,4.83586247679557,0.333067720144807,0.0772081540043257,1.20083473480375,0.0404424462376958,1.03822313186269
0.509712742328016,1.12720199057063,0.256747087293119,7.83198306569456,0.046398162217861,4.86294383605241,0.330495930065947,0.0753867204786805,1.20557278561275,0.0372424417202552,1.04070664868878
0.515571509481211,1.1277221103301,0.253272956988184,7.9319602672908,0.048839162676057,4.89297570975146,0.327489794095304,0.0727999361465486,1.21310943461448,0.0347537309146728,1.0388668435187
0.521430276634407,1.12722820049009,0.25096506312076,7.8994124741169,0.0374368892472662,4.94276702980676,0.324609013181302,0.0706239777850299,1.22501508406746,0.0308571234688357,1.04184184967028
0.527289043787602,1.12670317049929,0.247627159523138,7.9693609861469,0.0390870108790998,4.99834580896938,0.32150855509304,0.0686140159140029,1.22719068955798,0.031139668173546,1.04312340483697
0.533147810940798,1.12616804549232,0.243542967381881,8.12681373716223,0.0430297581466378,5.00126453596411,0.318631961727191,0.0664325046464812,1.22868066168653,0.0296754570838772,1.04589227042243
0.539006578093994,1.12597606221046,0.239519966569207,8.06611783391878,0.0396977501722486,4.99743290165788,0.315103255153129,0.064339509242412,1.23738378813738,0.0290402066877732,1.04729936694063
0.544865345247189,1.12351854811945,0.235482817096131,8.10573323369335,0.0385454009117312,5.00189554226405,0.311259891180076,0.0614640246676436,1.23640779743516,0.026985477491781,1.05027651818274
0.550724112400385,1.12089383842445,0.230853679697785,8.00392060953824,0.0319061683688451,4.988767432901,0.30814133194956,0.0590862786867915,1.24663494556173,0.0244541786616768,1.05316959718829
0.55658287955358,1.11913602628106,0.225897551757562,7.96404769449295,0.0352988214442802,4.97792466576001,0.304742597738296,0.056425129059148,1.2495503980428,0.0231947098166299,1.05361841711087
0.562441646706776,1.11566160117114,0.219695113198931,7.9352071708878,0.0376777354739219,4.95916416213834,0.301665580366083,0.0537397599488451,1.25409251409886,0.0210250230230968,1.05365722368849
0.568300413859971,1.11444336972004,0.2174461252877,7.90209515947186,0.0243864704201641,4.93066771603653,0.29775584239943,0.0510659333553735,1.2575053565592,0.0188318170390672,1.0543822340836
0.574159181013167,1.11191266780187,0.212827088766127,7.8232383613025,0.0260112993028486,4.87481935929932,0.295017798074796,0.0480130962104626,1.25984776708946,0.016404344041686,1.05323609864466
0.580017948166363,1.11191266780187,0.212827088766127,7.8232383613025,0.0260112993028486,4.87481935929932,0.291194801422794,0.0450007978409309,1.26364630797031,0.0154747500439176,1.0556764001993
0.585876715319558,1.10784200651373,0.20645569628712,7.74189245582512,0.0265316316747016,4.83620692509367,0.291194801422794,0.0450007978409309,1.26364630797031,0.0154747500439176,1.0556764001993
