method,lik,traj,dataset,seconds,status
RI,sc,syn1,0,111,ok
RI,sc,syn1,2,113,ok
RI,sc,syn1,1,140,ok
RI,sc,syn1,3,109,ok
RI,sc,syn1,4,128,ok
RI,sc,syn1,6,119,ok
RI,sc,syn1,5,211,ok
RI,sc,syn1,7,154,ok
RI,sc,syn1,8,113,ok
RI,sc,syn1,9,111,ok
RI,sc,syn1,10,143,ok
RI,sc,syn1,11,107,ok
RI,sc,syn1,12,147,ok
RI,sc,syn1,13,115,ok
RI,sc,syn1,14,111,ok
RI,sc,syn1,15,110,ok
RI,sc,syn1,16,122,ok
RI,sc,syn1,17,136,ok
RI,sc,syn1,19,114,ok
RI,sc,syn1,18,184,ok
RI,sc,syn1,20,111,ok
RI,sc,syn1,21,110,ok
RI,sc,syn1,22,143,ok
RI,sc,syn1,24,110,ok
RI,sc,syn1,23,196,ok
RI,sc,syn1,25,124,ok
RI,sc,syn1,26,127,ok
RI,sc,syn1,27,114,ok
RI,sc,syn1,28,122,ok
RI,sc,syn1,29,106,ok
Discrete,bc,syn1,2,255,ok
Discrete,bc,syn1,1,265,ok
Discrete,bc,syn1,0,289,ok
Discrete,bc,syn1,4,263,ok
Discrete,bc,syn1,3,280,ok
Discrete,bc,syn1,5,314,ok
Discrete,bc,syn1,6,287,ok
Discrete,bc,syn1,7,287,ok
Discrete,bc,syn1,8,277,ok
Discrete,bc,syn1,10,267,ok
Discrete,bc,syn1,9,273,ok
Discrete,bc,syn1,11,291,ok
Discrete,bc,syn1,13,267,ok
Discrete,bc,syn1,12,268,ok
Discrete,bc,syn1,14,311,ok
Discrete,bc,syn1,15,275,ok
Discrete,bc,syn1,16,280,ok
Discrete,bc,syn1,17,263,ok
Discrete,bc,syn1,18,257,ok
Discrete,bc,syn1,19,322,ok
Discrete,bc,syn1,20,255,ok
Discrete,bc,syn1,21,264,ok
Discrete,bc,syn1,22,295,ok
Discrete,bc,syn1,23,325,ok
Discrete,bc,syn1,24,275,ok
Discrete,bc,syn1,25,272,ok
Discrete,bc,syn1,26,273,ok
Discrete,bc,syn1,27,299,ok
Discrete,bc,syn1,28,268,ok
Discrete,bc,syn1,29,271,ok
RI,bc,syn1,1,818,ok
RI,bc,syn1,2,851,ok
RI,bc,syn1,0,859,ok
RI,bc,syn1,3,906,ok
RI,bc,syn1,4,906,ok
RI,bc,syn1,5,960,ok
RI,bc,syn1,7,872,ok
RI,bc,syn1,6,928,ok
RI,bc,syn1,8,925,ok
RI,bc,syn1,9,857,ok
RI,bc,syn1,11,939,ok
RI,bc,syn1,10,1035,ok
RI,bc,syn1,12,841,ok
RI,bc,syn1,13,910,ok
RI,bc,syn1,14,913,ok
RI,bc,syn1,15,917,ok
RI,bc,syn1,16,794,ok
RI,bc,syn1,17,822,ok
RI,bc,syn1,18,836,ok
RI,bc,syn1,20,879,ok
RI,bc,syn1,19,945,ok
RI,bc,syn1,21,884,ok
RI,bc,syn1,22,904,ok
RI,bc,syn1,23,940,ok
RI,bc,syn1,24,902,ok
RI,bc,syn1,25,906,ok
RI,bc,syn1,26,923,ok
RI,bc,syn1,27,888,ok
RI,bc,syn1,28,897,ok
RI,bc,syn1,29,843,ok
RI,sc,syn2,0,118,ok
RI,sc,syn2,1,118,ok
RI,sc,syn2,2,124,ok
RI,sc,syn2,3,122,ok
RI,sc,syn2,5,118,ok
RI,sc,syn2,4,126,ok
RI,sc,syn2,6,124,ok
RI,sc,syn2,8,120,ok
RI,sc,syn2,7,127,ok
Discrete,sc,syn1,1,564,ok
Discrete,sc,syn1,2,566,ok
Discrete,sc,syn1,0,569,ok
Discrete,sc,syn1,3,560,ok
Discrete,sc,syn1,4,562,ok
Discrete,sc,syn1,5,569,ok
Discrete,sc,syn1,6,577,ok
Discrete,sc,syn1,7,581,ok
Discrete,sc,syn1,8,582,ok
Discrete,sc,syn1,9,584,ok
Discrete,sc,syn1,10,587,ok
Discrete,sc,syn1,11,579,ok
Discrete,sc,syn1,13,587,ok
Discrete,sc,syn1,12,590,ok
Discrete,sc,syn1,14,587,ok
Discrete,sc,syn1,15,581,ok
Discrete,sc,syn1,16,579,ok
Discrete,sc,syn1,17,577,ok
Discrete,sc,syn1,18,578,ok
Discrete,sc,syn1,20,575,ok
Discrete,sc,syn1,19,587,ok
Discrete,sc,syn1,21,577,ok
Discrete,sc,syn1,22,584,ok
Discrete,sc,syn1,23,589,ok
Discrete,sc,syn1,24,574,ok
Discrete,sc,syn1,25,582,ok
Discrete,sc,syn1,26,576,ok
Discrete,sc,syn1,27,579,ok
Discrete,sc,syn1,28,575,ok
Discrete,sc,syn1,29,576,ok
RI,sc,syn2,11,125,ok
RI,sc,syn2,10,126,ok
RI,sc,syn2,9,133,ok
RI,sc,syn2,12,126,ok
RI,sc,syn2,13,128,ok
RI,sc,syn2,14,140,ok
RI,sc,syn2,16,127,ok
RI,sc,syn2,15,137,ok
RI,sc,syn2,17,120,ok
RI,sc,syn2,18,118,ok
RI,sc,syn2,20,122,ok
RI,sc,syn2,19,123,ok
RI,sc,syn2,21,120,ok
RI,sc,syn2,22,123,ok
RI,sc,syn2,23,124,ok
RI,sc,syn2,24,120,ok
RI,sc,syn2,26,122,ok
RI,sc,syn2,25,128,ok
RI,sc,syn2,27,127,ok
RI,sc,syn2,28,117,ok
RI,sc,syn2,29,125,ok
Discrete,sc,syn2,0,605,ok
Discrete,sc,syn2,1,608,ok
Discrete,sc,syn2,2,608,ok
Discrete,sc,syn2,4,603,ok
Discrete,sc,syn2,3,611,ok
Discrete,sc,syn2,5,608,ok
Discrete,sc,syn2,7,603,ok
Discrete,sc,syn2,6,607,ok
Discrete,sc,syn2,8,607,ok
Discrete,sc,syn2,9,605,ok
Discrete,sc,syn2,10,607,ok
Discrete,sc,syn2,11,602,ok
Discrete,sc,syn2,14,601,ok
Discrete,sc,syn2,13,603,ok
Discrete,sc,syn2,12,605,ok
Discrete,sc,syn2,16,604,ok
Discrete,sc,syn2,15,605,ok
Discrete,sc,syn2,17,603,ok
Discrete,sc,syn2,18,599,ok
Discrete,sc,syn2,19,603,ok
Discrete,sc,syn2,20,604,ok
Discrete,sc,syn2,21,595,ok
Discrete,sc,syn2,23,599,ok
Discrete,sc,syn2,22,607,ok
Discrete,sc,syn2,24,597,ok
Discrete,sc,syn2,26,602,ok
Discrete,sc,syn2,25,604,ok
Discrete,sc,syn2,27,596,ok
Discrete,sc,syn2,28,599,ok
Discrete,sc,syn2,29,605,ok
Discrete,bc,syn2,0,549,ok
Discrete,bc,syn2,2,567,ok
Discrete,bc,syn2,1,569,ok
Discrete,bc,syn2,4,533,ok
Discrete,bc,syn2,3,565,ok
Discrete,bc,syn2,5,551,ok
Discrete,bc,syn2,7,547,ok
Discrete,bc,syn2,8,564,ok
Discrete,bc,syn2,6,593,ok
Discrete,bc,syn2,9,600,ok
Discrete,bc,syn2,11,575,ok
Discrete,bc,syn2,10,601,ok
Discrete,bc,syn2,13,559,ok
Discrete,bc,syn2,12,586,ok
Discrete,bc,syn2,14,572,ok
Discrete,bc,syn2,15,582,ok
Discrete,bc,syn2,17,575,ok
Discrete,bc,syn2,16,587,ok
Discrete,bc,syn2,18,547,ok
Discrete,bc,syn2,19,561,ok
Discrete,bc,syn2,20,563,ok
Discrete,bc,syn2,21,562,ok
Discrete,bc,syn2,23,563,ok
Discrete,bc,syn2,22,585,ok
Discrete,bc,syn2,24,567,ok
Discrete,bc,syn2,26,563,ok
Discrete,bc,syn2,25,602,ok
Discrete,bc,syn2,27,571,ok
Discrete,bc,syn2,28,567,ok
Discrete,bc,syn2,29,606,ok
RI,bc,syn2,0,1016,ok
RI,bc,syn2,1,1108,ok
RI,bc,syn2,2,1277,ok
RI,bc,syn2,3,1195,ok
RI,bc,syn2,4,1140,ok
RI,bc,syn2,5,1069,ok
RI,bc,syn2,7,1067,ok
RI,bc,syn2,6,1159,ok
RI,bc,syn2,8,1159,ok
RI,bc,syn2,10,1078,ok
RI,bc,syn2,9,1284,ok
RI,bc,syn2,11,1152,ok
RI,bc,syn2,12,1161,ok
RI,bc,syn2,13,1127,ok
RI,bc,syn2,14,1214,ok
RI,bc,syn2,15,1231,ok
RI,bc,syn2,16,1156,ok
RI,bc,syn2,17,1066,ok
RI,bc,syn2,18,1089,ok
RI,bc,syn2,20,1202,ok
RI,bc,syn2,19,1269,ok
RI,bc,syn2,21,1012,ok
RI,bc,syn2,23,1096,ok
RI,bc,syn2,22,1241,ok
RI,bc,syn2,24,1019,ok
RI,bc,syn2,26,1041,ok
RI,bc,syn2,25,1303,ok
RI,bc,syn2,27,1159,ok
RI,bc,syn2,28,1033,ok
RI,bc,syn2,29,1205,ok
RI,sc,syn3,2,152,ok
RI,sc,syn3,0,152,ok
RI,sc,syn3,1,153,ok
RI,sc,syn3,3,148,ok
RI,sc,syn3,4,149,ok
RI,sc,syn3,5,155,ok
RI,sc,syn3,7,142,ok
RI,sc,syn3,8,139,ok
RI,sc,syn3,6,161,ok
RI,sc,syn3,10,150,ok
RI,sc,syn3,9,155,ok
RI,sc,syn3,11,150,ok
RI,sc,syn3,12,148,ok
RI,sc,syn3,13,149,ok
RI,sc,syn3,14,149,ok
RI,sc,syn3,15,152,ok
RI,sc,syn3,17,143,ok
RI,sc,syn3,16,158,ok
RI,sc,syn3,18,148,ok
RI,sc,syn3,19,145,ok
RI,sc,syn3,20,153,ok
RI,sc,syn3,21,143,ok
RI,sc,syn3,22,147,ok
RI,sc,syn3,23,143,ok
RI,sc,syn3,24,143,ok
RI,sc,syn3,26,151,ok
RI,sc,syn3,25,159,ok
RI,sc,syn3,27,148,ok
RI,sc,syn3,28,148,ok
RI,sc,syn3,29,149,ok
Discrete,sc,syn3,2,619,ok
Discrete,sc,syn3,0,622,ok
Discrete,sc,syn3,1,625,ok
Discrete,sc,syn3,4,618,ok
Discrete,sc,syn3,3,623,ok
Discrete,sc,syn3,5,621,ok
Discrete,sc,syn3,6,613,ok
Discrete,sc,syn3,8,612,ok
Discrete,sc,syn3,7,619,ok
Discrete,sc,syn3,9,615,ok
Discrete,sc,syn3,10,615,ok
Discrete,sc,syn3,11,618,ok
Discrete,sc,syn3,12,616,ok
Discrete,sc,syn3,13,617,ok
Discrete,sc,syn3,14,622,ok
Discrete,sc,syn3,15,618,ok
Discrete,sc,syn3,16,621,ok
Discrete,sc,syn3,17,617,ok
Discrete,sc,syn3,18,615,ok
Discrete,sc,syn3,19,616,ok
Discrete,sc,syn3,20,617,ok
Discrete,sc,syn3,21,617,ok
Discrete,sc,syn3,22,620,ok
Discrete,sc,syn3,23,616,ok
Discrete,sc,syn3,24,613,ok
Discrete,sc,syn3,25,617,ok
Discrete,sc,syn3,26,615,ok
Discrete,sc,syn3,27,617,ok
Discrete,sc,syn3,28,619,ok
Discrete,sc,syn3,29,613,ok
Discrete,bc,syn3,0,711,ok
Discrete,bc,syn3,2,721,ok
Discrete,bc,syn3,1,738,ok
Discrete,bc,syn3,4,686,ok
Discrete,bc,syn3,3,723,ok
Discrete,bc,syn3,5,734,ok
Discrete,bc,syn3,6,723,ok
Discrete,bc,syn3,7,701,ok
Discrete,bc,syn3,8,667,ok
Discrete,bc,syn3,9,707,ok
Discrete,bc,syn3,10,702,ok
Discrete,bc,syn3,11,712,ok
Discrete,bc,syn3,13,683,ok
Discrete,bc,syn3,12,706,ok
Discrete,bc,syn3,14,690,ok
Discrete,bc,syn3,15,715,ok
Discrete,bc,syn3,17,701,ok
Discrete,bc,syn3,16,730,ok
Discrete,bc,syn3,18,712,ok
Discrete,bc,syn3,19,702,ok
Discrete,bc,syn3,20,707,ok
Discrete,bc,syn3,21,694,ok
Discrete,bc,syn3,22,718,ok
Discrete,bc,syn3,23,688,ok
Discrete,bc,syn3,24,700,ok
Discrete,bc,syn3,26,704,ok
Discrete,bc,syn3,25,714,ok
Discrete,bc,syn3,27,700,ok
Discrete,bc,syn3,29,718,ok
Discrete,bc,syn3,28,728,ok
RI,bc,syn3,1,1459,ok
RI,bc,syn3,2,1646,ok
RI,bc,syn3,0,1707,ok
RI,bc,syn3,3,1482,ok
RI,bc,syn3,4,1557,ok
RI,bc,syn3,5,1778,ok
RI,bc,syn3,6,1702,ok
RI,bc,syn3,7,1455,ok
RI,bc,syn3,8,1434,ok
RI,bc,syn3,10,1720,ok
RI,bc,syn3,9,1807,ok
RI,bc,syn3,11,1619,ok
RI,bc,syn3,12,1515,ok
RI,bc,syn3,13,1764,ok
RI,bc,syn3,14,1695,ok
RI,bc,syn3,15,1750,ok
RI,bc,syn3,17,1491,ok
RI,bc,syn3,16,1638,ok
RI,bc,syn3,18,1382,ok
RI,bc,syn3,19,1436,ok
RI,bc,syn3,20,1884,ok
RI,bc,syn3,21,1400,ok
RI,bc,syn3,22,1570,ok
RI,bc,syn3,23,1475,ok
RI,bc,syn3,24,1426,ok
RI,bc,syn3,25,1944,ok
RI,bc,syn3,26,1832,ok
RI,bc,syn3,27,1717,ok
RI,bc,syn3,28,1456,ok
RI,bc,syn3,29,1551,ok
